Name,ID,LPC,CPC,NDP,GRN,PPC,BQC,OTH,VOTES,POP_CNT
Abbotsford-South Langley,seat59001,13079,21927,8834,1511,3396,0,0,48747,112706
Burnaby Central,seat59002,12527,8858,15954,1162,1365,0,209,40075,100598
Burnaby North-Seymour,seat59003,22757,14779,14699,1895,1473,0,0,55603,111954
Cariboo-Prince George,seat59004,8958,28366,11196,1924,4562,0,256,55262,111323
Chilliwack-Hope,seat59005,9555,25434,14617,1556,4233,0,0,55395,111377
Cloverdale-Langley City,seat59006,18676,17250,9543,0,2299,0,0,47768,101119
Columbia-Kootenay-Southern Rockies,seat59007,5597,27573,23067,2317,4476,0,0,63030,110813
Coquitlam-Port Coquitlam,seat59008,18185,14436,13288,0,2099,0,0,48008,115051
Courtenay-Alberni,seat59009,9310,21440,29348,4766,3408,0,107,68379,112830
Cowichan-Malahat-Langford,seat59010,10320,17870,26968,3922,3952,0,0,63032,106834
Delta,seat59011,23719,18605,10274,1244,1374,0,436,55652,115082
Esquimalt-Saanich-Sooke,seat59012,13282,12691,26341,5401,2820,0,229,60764,112257
Fleetwood-Port Kells,seat59013,19644,12168,8686,820,1254,0,169,42741,113220
Kamloops-Shuswap-Central Rockies,seat59014,9969,27094,15105,3088,4850,0,58,60164,106117
Kamloops-Thompson-Nicola,seat59015,9982,24568,16184,2106,3371,0,293,56504,103114
Kelowna,seat59016,13383,21345,10855,1530,3694,0,0,50807,104636
Langley Township-Fraser Heights,seat59017,15335,22858,10157,1262,2336,0,24,51972,113514
Mission-Matsqui-Abbotsford,seat59018,12472,24549,9292,1907,3603,0,0,51823,104960
Nanaimo-Ladysmith,seat59019,8205,16554,18385,16153,3128,0,0,62425,105086
New Westminster-Burnaby-Maillardville,seat59020,10972,9917,22660,1799,1774,0,12,47134,112909
North Island-Powell River,seat59021,8997,24484,26538,3968,3084,0,402,67473,108763
North Vancouver,seat59022,24687,16334,10330,2317,1404,0,19,55091,114617
Okanagan Lake West-South Kelowna,seat59023,12902,26820,10372,1523,3725,0,0,55342,111997
Pitt Meadows-Maple Ridge,seat59024,13797,20856,17541,173,3099,0,614,56080,112922
Port Moody-Coquitlam,seat59025,15741,17067,18671,0,1760,0,110,53349,109497
Prince George-Peace River-Northern Rockies,seat59026,4817,30822,7487,1814,5410,0,1638,51988,103020
Richmond Centre-Marpole,seat59027,14431,13277,7545,1164,931,0,0,37348,106611
Richmond East-Steveston,seat59028,18668,15165,8661,1046,1052,0,0,44592,111138
Saanich-Gulf Islands,seat59029,13240,15969,13674,25138,2118,0,154,70293,111373
Similkameen-South Okanagan-West Kootenay,seat59030,8019,22706,23364,2007,4132,0,0,60228,103977
Skeena-Bulkley Valley,seat59031,2866,13513,15921,1406,2888,0,792,37386,102019
South Surrey-White Rock,seat59032,21910,23908,8336,0,2174,0,0,56328,110651
Surrey Centre,seat59033,15745,7226,9724,779,1339,0,375,35188,113308
Surrey Newton,seat59034,19005,5317,9127,0,909,0,571,34929,114286
Vancouver Centre,seat59035,18580,10018,13831,1734,1499,0,0,45662,92460
Vancouver East,seat59036,9797,5399,27969,3826,1382,0,1218,49591,114947
Vancouver Fraserview-South Burnaby,seat59037,18466,9536,13600,446,1302,0,306,43656,116216
Vancouver Granville,seat59038,19784,13053,17612,1463,1261,0,52,53225,113282
Vancouver Kingsway,seat59039,12599,6118,21926,1575,959,0,259,43436,114661
Vancouver Quadra,seat59040,21442,14469,9544,2947,1005,0,0,49407,88525
Vernon-Lake Country-Monashee,seat59041,11131,24757,12387,2946,5460,0,0,56681,113598
Victoria,seat59042,18194,9152,29301,7472,2065,0,564,66748,118474
West Vancouver-Sunshine Coast-Sea to Sky Country,seat59043,18246,16045,15142,3813,2097,0,206,55549,111737
Airdrie-Cochrane,seat48001,5635,33975,8381,692,4687,0,3110,56480,96439
Battle River-Crowfoot,seat48002,2535,42577,5778,545,5553,0,2642,59630,108640
Bow River,seat48003,3776,33329,4488,2,4715,0,1606,47916,114551
Calgary Centre,seat48004,16379,27624,8931,884,0,0,523,54341,113913
Calgary Confederation,seat48005,16750,27320,10621,2216,2789,0,231,59927,105637
Calgary Crowfoot,seat48006,12100,30771,9048,943,2595,0,493,55950,114968
Calgary East,seat48007,8409,24093,8268,969,3285,0,569,45593,110486
Calgary Heritage,seat48008,9536,34387,10143,837,3004,0,975,58882,110093
Calgary McKnight,seat48009,16354,12706,6008,422,1455,0,290,37235,92031
Calgary Midnapore,seat48010,7371,35629,11003,797,3608,0,780,59188,92897
Calgary Nose Hill,seat48011,10821,30031,9193,877,2607,0,609,54138,112298
Calgary Shephard,seat48012,7067,31064,8127,859,2903,0,713,50733,111784
Calgary Signal Hill,seat48013,11354,35185,8255,986,2352,0,547,58679,115704
Calgary Skyview,seat48014,12032,16156,5960,322,1341,0,252,36063,110225
Edmonton Centre,seat48015,15464,16140,15105,57,2409,0,404,49579,107967
Edmonton Gateway,seat48016,10776,18106,10747,89,2380,0,118,42216,110039
Edmonton Griesbach,seat48017,6575,15658,17448,490,2558,0,467,43196,109624
Edmonton Manning,seat48018,8422,16854,12745,0,2881,0,114,41016,105559
Edmonton Northwest,seat48019,10315,19199,12298,12,2787,0,56,44667,105434
Edmonton Riverbend,seat48020,12069,21795,11771,567,1900,0,16,48118,91061
Edmonton Southeast,seat48021,14129,15565,9233,0,2336,0,118,41381,104882
Edmonton Strathcona,seat48022,5068,15036,32516,703,2544,0,274,56141,116844
Edmonton West,seat48023,12068,22585,12120,15,2514,0,134,49436,115924
Foothills,seat48024,4259,41887,6990,813,5032,0,2234,61215,112160
Fort McMurray-Cold Lake,seat48025,3117,29333,4392,425,5507,0,569,43343,113797
Grande Prairie,seat48026,2147,35381,6068,0,5234,0,2445,51275,120653
Lakeland,seat48027,2606,36418,5514,463,5801,0,1672,52474,114064
Leduc-Wetaskiwin,seat48028,3789,35161,9685,9,6219,0,391,55254,108773
Lethbridge,seat48029,8928,32817,11386,0,4097,0,1745,58973,114364
Medicine Hat-Cardston-Warner,seat48030,3389,31635,6671,659,4479,0,1226,48059,110212
Parkland,seat48031,3743,38242,9844,0,6859,0,1888,60576,115230
Peace River-Westlock,seat48032,2678,30465,6403,364,6092,0,2636,48638,120536
Ponoka-Didsbury,seat48033,2770,41789,6595,0,8230,0,1944,61328,112763
Red Deer,seat48034,4490,32554,9471,0,6064,0,1437,54016,117541
Sherwood Park-Fort Saskatchewan,seat48035,8730,41092,14740,700,5004,0,1132,71398,119508
St. Albert-Sturgeon River,seat48036,7462,37497,15672,0,5220,0,838,66689,114460
Yellowhead,seat48037,6430,35532,8773,766,5439,0,2367,59307,117132
Battlefords-Lloydminster-Meadow Lake,seat47001,2595,23212,4921,279,2115,0,1904,35026,124115
Carlton Trail-Eagle Creek,seat47002,2293,28724,5876,389,3923,0,961,42166,122753
Desnethé-Missinippi-Churchill River,seat47003,3350,2181,1973,95,274,0,166,8039,120170
Moose Jaw-Lake Centre-Lanigan,seat47004,2577,25909,8086,435,4803,0,729,42539,117734
Prince Albert,seat47005,4294,23080,5497,403,2487,0,398,36159,109218
Regina-Lewvan,seat47006,5726,18519,13919,498,1401,0,0,40063,117423
Regina-Qu'Appelle,seat47007,3909,22942,8690,720,1886,0,6,38153,120845
Regina-Wascana,seat47008,10384,19258,6978,623,1353,0,1,38597,120734
Saskatoon South,seat47009,6244,21244,13324,534,1945,0,0,43291,114374
Saskatoon West,seat47011,2778,15383,13329,357,2064,0,0,33911,116265
Saskatoon-University,seat47010,4643,20487,15104,407,1785,0,295,42721,116972
Souris-Moose Mountain,seat47012,1768,31908,3390,27,3864,0,1053,42010,117160
Swift Current-Grasslands-Kindersley,seat47013,1565,27684,3921,327,2886,0,1811,38194,111087
Yorkton-Melville,seat47014,2290,24857,4400,622,3337,0,678,36184,119311
Brandon-Souris,seat46001,4734,23693,8023,8,3292,0,18,39768,110184
Churchill-Keewatinook Aski,seat46002,4520,4402,7634,553,906,0,0,18015,116592
Elmwood-Transcona,seat46003,6141,11818,20156,664,2458,0,6,41243,103735
Kildonan-St. Paul,seat46004,13671,20719,11638,137,2627,0,53,48845,117050
Portage-Lisgar,seat46005,4708,22435,5778,0,9416,0,681,43018,115160
Provencher,seat46006,7427,21748,5497,1152,7884,0,1307,45015,115610
Riding Mountain,seat46007,4999,23131,5672,824,4111,0,350,39087,89087
Selkirk-Interlake-Eastman,seat46009,6478,27854,9513,1318,3747,0,0,48910,119082
St. Boniface-St. Vital,seat46008,20991,13552,10133,719,2065,0,391,47851,112180
Winnipeg Centre,seat46010,9155,4043,15761,760,1357,0,611,31687,120196
Winnipeg North,seat46011,16067,4054,8282,362,1204,0,79,30048,113173
Winnipeg South,seat46012,19303,13006,5749,595,1342,0,0,39995,111126
Winnipeg South Centre,seat46013,22370,13821,10228,1310,1390,0,229,49348,124084
Winnipeg West,seat46014,19611,20394,7410,1029,1712,0,5,50161,111511
Ajax,seat35001,28279,13237,6988,1254,0,0,0,49758,111578
Algonquin-Renfrew-Pembroke,seat35002,11335,28967,12263,1111,4469,0,373,58518,113404
Aurora-Oak Ridges-Richmond Hill,seat35003,21043,19798,3801,80,1830,0,473,47025,111034
Barrie South-Innisfil,seat35004,15292,25234,8349,0,4060,0,0,52935,112964
Barrie-Springwater-Oro-Medonte,seat35005,17482,26382,9547,122,3984,0,18,57535,124401
Bay of Quinte,seat35006,21564,23528,8892,1285,2873,0,0,58142,108903
Beaches-East York,seat35007,28610,7333,11507,1387,1612,0,347,50796,82741
Bowmanville-Oshawa North,seat35008,17003,24627,10144,0,2979,0,364,55117,111556
Brampton Centre,seat35009,16663,10894,5483,0,1265,0,303,34608,119851
Brampton East,seat35011,20205,10848,5917,0,1003,0,0,37973,93930
Brampton North-Caledon,seat35012,18958,12180,5116,139,333,0,18,36744,113208
Brampton South,seat35013,19130,10402,4778,0,1005,0,89,35404,112953
Brampton West,seat35014,17500,8615,3966,0,768,0,230,31079,99467
Brampton-Chinguacousy Park,seat35010,19661,11999,6518,0,0,0,530,38708,119557
Brantford-Brant South-Six Nations,seat35015,15381,22405,11225,1473,4883,0,269,55636,104075
Bruce-Grey-Owen Sound,seat35016,14738,28727,7939,1789,4697,0,524,58414,99504
Burlington,seat35017,31602,25742,7507,1368,2764,0,117,69100,119550
Burlington North-Milton West,seat35018,26489,20375,5353,1080,2211,0,0,55508,103120
Cambridge,seat35019,20604,18379,9207,1825,3853,0,0,53868,100332
Carleton,seat35020,22447,37333,8043,1547,1970,0,7,71347,118694
Chatham-Kent-Leamington,seat35021,17370,27561,9492,983,9572,0,0,64978,126286
Davenport,seat35022,23554,5860,21352,1313,1759,0,163,54001,94840
Don Valley North,seat35023,22037,13491,4157,749,1227,0,4,41665,123148
Don Valley West,seat35024,29699,15725,4720,551,1338,0,57,52090,126597
Dufferin-Caledon,seat35025,16371,28295,5968,2615,4127,0,189,57565,115093
Eglinton-Lawrence,seat35026,23029,17393,4395,1442,1417,0,0,47676,112065
Elgin-St. Thomas-London South,seat35027,10751,26996,8886,1217,6700,0,291,54841,117677
Essex,seat35028,10608,28167,21781,849,7009,0,338,68752,132500
Etobicoke Centre,seat35029,28406,20199,6344,188,3864,0,64,59065,115277
Etobicoke North,seat35031,21494,9237,3870,0,1593,0,292,36486,106574
Etobicoke-Lakeshore,seat35030,26115,18016,7475,1175,2441,0,215,55437,120203
Flamborough-Glanbrook-Brant North,seat35032,17173,23443,7696,1309,3497,0,48,53166,98237
Guelph,seat35033,23788,13506,12762,4544,2691,0,380,57671,113907
Haldimand-Norfolk,seat35034,17224,29664,8320,0,6570,0,814,62592,105024
Haliburton-Kawartha Lakes,seat35035,15829,34470,9415,1627,4541,0,411,66293,114679
Hamilton Centre,seat35036,13252,8209,23494,1330,3269,0,283,49837,108735
Hamilton East-Stoney Creek,seat35037,21487,16421,11762,1018,3970,0,0,54658,115044
Hamilton Mountain,seat35038,18239,13235,16592,1046,3315,0,306,52733,131067
Hamilton West-Ancaster-Dundas,seat35039,28663,18849,12735,1681,2653,0,137,64718,76210
Hastings-Lennox and Addington-Tyendinaga,seat35040,20031,26596,6411,1036,3302,0,838,58214,114521
Humber River-Black Creek,seat35041,19533,5599,5279,388,1258,0,130,32187,126918
Huron-Bruce,seat35042,16015,31170,9056,0,4437,0,519,61197,95063
Kanata,seat35043,27541,23042,9415,1602,1754,0,0,63354,121306
Kapuskasing-Timmins-Mushkegowuk,seat35044,10731,10189,14587,162,4993,0,58,40720,119936
Kenora-Kiiwetinoong,seat35045,4790,10471,6994,338,1543,0,0,24136,79130
Kingston and the Islands,seat35046,29260,17617,20679,1761,2500,0,11,71828,126313
King-Vaughan,seat35047,19272,20264,2970,569,1973,0,0,45048,120241
Kitchener Centre,seat35048,8906,12772,8985,17113,3423,0,145,51344,100416
Kitchener South-Hespeler,seat35050,18596,17649,8079,1710,3351,0,269,49654,113763
Kitchener-Conestoga,seat35049,20526,20220,6415,2706,3883,0,9,53759,115086
Lanark-Frontenac,seat35051,15082,29165,8924,1576,3645,0,201,58593,119741
Leeds-Grenville-Thousand Islands-Rideau Lakes,seat35052,14935,29950,8863,2134,3394,0,0,59276,82219
London Centre,seat35053,21249,13967,17136,1103,2886,0,84,56425,114930
London West,seat35055,20668,19195,12850,0,2825,0,615,56153,117699
London-Fanshawe,seat35054,11882,12486,22336,0,4718,0,0,51422,81932
Markham-Stouffville,seat35056,25228,16920,4321,973,1444,0,0,48886,112943
Markham-Thornhill,seat35057,27298,11664,3700,883,761,0,0,44306,122229
Markham-Unionville,seat35058,20167,17810,2738,1157,0,0,0,41872,91961
Middlesex-London,seat35059,15579,26451,9941,1051,4474,0,110,57606,112902
Milton East-Halton Hills South,seat35060,21524,21060,4909,1309,2493,0,0,51295,113503
Mississauga Centre,seat35061,24993,13387,5251,752,1961,0,62,46406,64088
Mississauga East-Cooksville,seat35062,23146,14572,4849,150,2973,0,389,46079,110504
Mississauga-Erin Mills,seat35063,25077,16406,5051,800,1648,0,0,48982,119358
Mississauga-Lakeshore,seat35064,25814,22145,5605,1265,2444,0,101,57374,80192
Mississauga-Malton,seat35065,22705,13213,5904,795,123,0,268,43008,99975
Mississauga-Streetsville,seat35066,23405,16993,5971,1054,1840,0,195,49458,114237
Nepean,seat35067,27376,19874,9671,1156,1629,0,1,59707,120579
New Tecumseth-Gwillimbury,seat35069,14987,23491,6425,603,3694,0,141,49341,90962
Newmarket-Aurora,seat35068,22081,19269,5832,935,2114,0,241,50472,105652
Niagara Falls-Niagara-on-the-Lake,seat35070,18951,20126,9606,1050,4078,0,0,53811,111122
Niagara South,seat35071,21668,22004,15006,1249,5889,0,0,65816,96951
Niagara West,seat35072,19386,27489,8739,1750,4426,0,657,62447,103819
Nipissing-Timiskaming,seat35073,19019,16508,12088,0,4112,0,0,51727,115832
Northumberland-Clarke,seat35074,21265,27480,8720,1611,3428,0,0,62504,98620
Oakville East,seat35075,22619,19344,4609,802,1636,0,0,49010,123847
Oakville West,seat35076,23752,19150,4326,858,1792,0,0,49878,120812
Orléans,seat35077,35750,19450,9872,1103,1791,0,194,68160,99793
Oshawa,seat35078,13044,22409,16079,864,4029,0,0,56425,131691
Ottawa Centre,seat35079,33481,12102,24393,2077,1661,0,547,74261,95082
Ottawa South,seat35080,29365,15888,10644,1290,1825,0,118,59130,112448
Ottawa West-Nepean,seat35082,29197,17742,12925,1855,2054,0,395,64168,94074
Ottawa-Vanier-Gloucester,seat35081,30608,12883,14507,1902,1990,0,600,62490,120956
Oxford,seat35083,12475,28203,11124,1628,6423,0,457,60310,89063
Parry Sound-Muskoka,seat35084,11981,26576,9315,3096,4178,0,262,55408,88591
Perth-Wellington,seat35085,13686,26989,9554,0,5358,0,0,55587,95882
Peterborough,seat35086,25014,28149,13783,1598,3090,0,203,71837,125606
Pickering-Brooklin,seat35087,27051,19137,7545,138,2151,0,0,56022,89275
Prescott-Russell-Cumberland,seat35088,29273,20021,6681,1257,3962,0,691,61885,79581
Richmond Hill South,seat35089,23632,19125,4294,0,1449,0,852,49352,113348
Sarnia-Lambton-Bkejwanong,seat35090,13360,32140,14250,1027,7595,0,435,68807,88714
Sault Ste. Marie-Algoma,seat35091,18591,20553,14804,365,3007,0,157,57477,73554
Scarborough Centre-Don Valley East,seat35093,22893,10324,5680,0,1746,0,149,40792,121511
Scarborough North,seat35095,26854,7232,4644,0,973,0,361,40064,89562
Scarborough Southwest,seat35096,27314,9655,7555,1067,1354,0,158,47103,85389
Scarborough-Agincourt,seat35092,24267,12589,4353,745,1214,0,0,43168,125575
Scarborough-Guildwood-Rouge Park,seat35094,30748,11163,6716,1,1520,0,152,50300,75208
Scarborough-Woburn,seat35097,23725,8781,5137,0,1203,0,343,39189,59725
Simcoe North,seat35099,17993,24552,9321,1781,4466,0,188,58301,125435
Simcoe-Grey,seat35098,15823,26909,7470,2366,3932,0,241,56741,87865
Spadina-Harbourfront,seat35100,12872,7602,11782,1114,1039,0,0,34409,70597
St. Catharines,seat35101,23106,19739,12963,1137,4018,0,0,60963,124416
Stormont-Dundas-Glengarry,seat35102,14390,31730,6334,1349,4472,0,48,58323,73189
Sudbury,seat35103,19404,15380,15999,1098,3358,0,109,55348,119493
Sudbury East-Manitoulin-Nickel Belt,seat35104,16405,13873,15608,888,4612,0,76,51462,75686
Taiaiako'n-Parkdale-High Park,seat35105,24297,7554,21902,1073,1821,0,220,56867,125048
Thornhill,seat35106,18678,26939,3110,859,2391,0,0,51977,134226
Thunder Bay-Rainy River,seat35107,13635,11657,11324,570,2614,0,0,39800,106468
Thunder Bay-Superior North,seat35108,17097,10082,11755,750,2492,0,110,42286,84111
Toronto Centre,seat35109,24240,6129,12742,3874,1138,0,283,48406,120551
Toronto-Danforth,seat35110,25223,6550,17561,1024,1283,0,521,52162,83248
Toronto-St. Paul's,seat35111,29386,15886,9215,3300,1447,0,7,59241,112929
University-Rosedale,seat35112,24281,9320,14564,2334,1355,0,253,52107,83319
Vaughan-Woodbridge,seat35113,23547,20419,3529,489,2737,0,159,50880,111593
Waterloo,seat35114,25816,15521,10846,1934,2567,0,0,56684,37845
Wellington-Halton Hills North,seat35115,17143,26450,6677,2653,3482,0,69,56474,93948
Whitby,seat35116,23285,17742,7459,834,2276,0,0,51596,86899
Willowdale,seat35117,21043,13916,4231,812,1102,0,0,41104,121458
Windsor West,seat35119,13524,9415,21541,0,4060,0,153,48693,88521
Windsor-Tecumseh-Lakeshore,seat35118,18966,16477,18508,739,6297,0,180,61167,134415
York Centre,seat35120,17430,13949,3753,0,1726,0,0,36858,61962
York South-Weston-Etobicoke,seat35122,21541,8666,5786,736,1919,0,3,38651,103836
York-Durham,seat35121,16667,30709,7401,332,3760,0,153,59022,116886
Abitibi-Baie-James-Nunavik-Eeyou,seat24001,7384,4508,3323,442,1072,10787,918,28434,116706
Abitibi-Témiscamingue,seat24002,11013,5339,2794,748,1538,23120,1133,45685,118498
Ahuntsic-Cartierville,seat24003,25013,3924,5661,1444,1249,10983,0,48274,38809
Alfred-Pellan,seat24004,26832,7458,4390,940,188,14970,1467,56245,126188
Argenteuil-La Petite-Nation,seat24005,20565,7081,3728,193,3030,17190,663,52450,39236
Beauce,seat24006,7018,27514,1654,486,10362,8644,1302,56980,119150
Beauharnois-Salaberry-Soulanges-Huntingdon,seat24007,16423,7131,4476,120,1995,29155,973,60273,38535
Beauport-Limoilou,seat24008,14185,17482,5596,1173,178,17871,972,57457,115634
Bécancour-Nicolet-Saurel-Alnôbak,seat24009,8451,8404,2550,770,1214,27403,1215,50007,37751
Bellechasse-Les Etchemins-Lévis,seat24010,9033,30373,2873,840,0,13268,1943,58330,126570
Beloeil-Chambly,seat24011,14088,5037,5126,1203,1214,32233,1271,60172,108307
Berthier-Maskinongé,seat24012,8741,6197,18552,548,1496,20406,827,56767,130162
Bourassa,seat24013,22303,2587,2956,679,1349,6907,151,36932,75141
Brome-Missisquoi,seat24014,21488,9961,3828,1466,1982,21291,1455,61471,111369
Brossard-Saint-Lambert,seat24015,28326,6276,5442,0,1288,10441,583,52356,76252
Charlesbourg-Haute-Saint-Charles,seat24016,11840,26932,3570,1013,1322,14855,536,60068,116560
Châteauguay-Les Jardins-de-Napierville,seat24017,19727,6586,4214,801,2034,19773,896,54031,104825
Chicoutimi-Le Fjord,seat24018,8642,19164,2234,556,648,16174,44,47462,82014
Compton-Stanstead,seat24019,21582,10259,4415,1648,2219,17946,771,58840,99228
Côte-du-Sud-Rivière-du-Loup-Kataskomiq-Témiscouata,seat24020,10911,25703,1926,0,204,17060,1440,57244,98885
Côte-Nord-Kawawachikamach-Nitassinan,seat24021,6545,7640,1509,0,0,18419,887,35000,116916
Dorval-Lachine-LaSalle,seat24022,24267,5533,6098,1313,1949,7302,0,46462,123812
Drummond,seat24023,9614,9179,5709,0,0,23866,2821,51189,106794
Gaspésie-Les Îles-de-la-Madeleine-Listuguj,seat24024,21280,4399,2288,0,1070,23626,727,53390,125438
Gatineau,seat24025,27438,6056,4722,856,2213,12828,649,54762,116962
Hochelaga-Rosemont-Est,seat24026,18567,2266,9823,965,1100,15218,430,48369,121436
Honoré-Mercier,seat24027,29339,5162,3576,734,2047,7963,85,48906,115367
Hull-Aylmer,seat24028,25380,5219,6171,1365,1769,7780,699,48383,121705
Joliette-Manawan,seat24029,11571,4922,3024,1012,1565,28653,1228,51975,116141
Jonquière,seat24030,9528,12986,2454,779,1,19775,328,45851,115257
La Pointe-de-l'Île,seat24031,16506,3426,4952,0,1398,23820,956,51058,116380
La Prairie-Atateken,seat24032,20470,5878,4317,983,1532,25862,94,59136,105468
Lac-Saint-Jean,seat24033,8423,11199,1452,710,0,22580,0,44364,111246
Lac-Saint-Louis,seat24034,32477,10911,7679,1868,1712,3078,0,57725,131097
LaSalle-Émard-Verdun,seat24035,21313,3755,9319,1478,1673,10710,832,49080,122147
Laurentides-Labelle,seat24036,10987,4923,2591,1134,1702,24608,985,46930,118218
Laurier-Sainte-Marie,seat24037,17679,2013,13561,996,792,9005,649,44695,105736
Laval-Les-Îles,seat24038,24758,8963,3889,760,2571,9656,0,50597,111707
Les Pays-d'en-Haut,seat24039,14203,6406,3792,843,2391,26160,1192,54987,118415
Lévis-Lotbinière,seat24040,9415,30274,4450,821,1449,13965,673,61047,117251
Longueuil-Charles-LeMoyne,seat24041,19446,3991,4970,1174,1412,16986,122,48101,114665
Longueuil-Saint-Hubert,seat24042,21973,3982,4560,1596,1361,23616,249,57337,122857
Louis-Hébert,seat24043,21755,13873,4106,1474,0,15315,367,56890,116055
Louis-Saint-Laurent-Akiawenhrahk,seat24044,10267,30863,3117,843,1260,11892,990,59232,125840
Marc-Aurèle-Fortin,seat24045,22994,6121,4461,0,1509,16057,990,52132,114779
Mégantic-L'Érable,seat24046,7240,30443,1666,705,1889,10494,1202,53639,116499
Mirabel,seat24047,12031,6541,4213,1056,1864,22402,935,49042,123482
Montcalm,seat24050,9731,5685,3053,1244,2084,25915,983,48695,108606
Montmorency-Charlevoix,seat24051,10465,17453,2395,608,977,19113,794,51805,114257
Mont-Saint-Bruno-L'Acadie,seat24049,21299,6061,5186,91,1314,28359,78,62388,118278
Mount Royal,seat24048,23953,10047,3701,1145,1112,1699,101,41758,109125
Notre-Dame-de-Grâce-Westmount,seat24052,25905,6552,9976,1948,1575,3013,200,49169,89689
Outremont,seat24053,18489,3070,11315,1298,898,6417,139,41626,122430
Papineau,seat24054,22857,2199,10304,1448,1064,6831,732,45435,119560
Pierre-Boucher-Les Patriotes-Verchères,seat24055,14282,4870,4261,0,1078,29978,777,55246,128154
Pierrefonds-Dollard,seat24056,29296,10893,6034,0,1942,4141,0,52306,119724
Pontiac-Kitigan Zibi,seat24057,23148,11312,5997,1539,2361,7993,445,52795,124748
Portneuf-Jacques-Cartier,seat24058,8608,29780,2678,0,1392,13515,907,56880,118675
Québec Centre,seat24059,19078,9620,6774,1264,840,15550,312,53438,123969
Repentigny,seat24060,15737,4941,4169,0,0,28688,2338,55873,115964
Richmond-Arthabaska,seat24061,8543,28513,2550,0,2058,14150,1345,57159,113772
Rimouski-La Matapédia,seat24062,10846,5507,2882,0,1012,26778,2224,49249,116798
Rivière-des-Milles-Îles,seat24063,18624,5377,3803,959,1437,21399,1102,52701,114100
Rivière-du-Nord,seat24064,11514,6173,3534,149,1963,26422,1481,51236,117482
Rosemont-La Petite-Patrie,seat24065,12738,2199,26708,1308,0,11751,284,54988,111377
Saint-Hyacinthe-Bagot,seat24066,12030,7166,6170,0,1445,25165,1055,53031,126791
Saint-Jean,seat24067,16650,7544,4308,1262,0,27243,2203,59210,126560
Saint-Laurent,seat24068,23445,7225,4242,47,1246,3101,145,39451,128592
Saint-Léonard-Saint-Michel,seat24069,28327,4260,3322,0,1526,3225,0,40660,126999
Saint-Maurice-Champlain,seat24070,23913,10139,2849,731,0,16940,1765,56337,104504
Shefford,seat24071,19968,7234,3173,1059,2073,24997,1122,59626,121781
Sherbrooke,seat24072,21436,7318,7980,1645,1401,16583,778,57141,128349
Terrebonne,seat24073,16469,5879,3738,801,1506,23293,4522,56208,113929
Thérèse-De Blainville,seat24074,19402,6077,4002,1064,1474,22503,507,55029,99827
Trois-Rivières,seat24075,16637,17053,4680,754,1115,17136,735,58110,114384
Vaudreuil,seat24076,28430,9853,6372,1511,0,12489,1155,59810,124866
Ville-Marie-Le Sud-Ouest-Île-des-Soeurs,seat24077,20405,5135,7073,1063,1038,4674,195,39583,117873
Vimy,seat24078,22998,6358,4287,0,1987,10238,0,45868,86147
Acadie-Bathurst,seat13001,28840,6087,4968,1252,2592,0,549,44288,82357
Beauséjour,seat13002,27271,9511,5383,2797,3717,0,389,49068,105472
Fredericton-Oromocto,seat13003,15979,14193,5508,5450,134,0,622,41886,121703
Fundy Royal,seat13004,9900,18116,5664,1961,3369,0,0,39010,123232
Madawaska-Restigouche,seat13005,18724,9873,2206,966,2717,0,1379,35865,116177
Miramichi-Grand Lake,seat13006,12377,15567,2499,1577,1819,0,29,33868,107836
Moncton-Riverview-Dieppe,seat13007,20421,9220,6851,1732,2563,0,2,40789,110589
Saint John-Kennebecasis,seat13008,16082,13688,4961,1098,1839,0,0,37668,105739
Saint John-St. Croix,seat13009,12008,20210,5588,1731,3258,0,69,42864,112022
Tobique-Mactaquac,seat13010,7343,17212,3724,1599,2337,0,279,32494,114637
Cardigan,seat11001,10944,6693,2113,1040,711,0,143,21644,119873
Charlottetown,seat11002,8919,5932,2048,1832,369,0,0,19100,85038
Egmont,seat11003,9546,6406,1785,1954,1031,0,0,20722,81781
Malpeque,seat11004,9637,7642,1855,3222,636,0,2,22994,26655
Acadie-Annapolis,seat12001,12334,20636,5091,0,2125,0,0,40186,74122
Cape Breton-Canso-Antigonish,seat12002,19605,15028,6273,204,1691,0,114,42915,85038
Central Nova,seat12003,17928,13352,6507,619,1613,0,485,40504,81795
Cumberland-Colchester,seat12004,13822,18601,4984,1045,1687,0,278,40417,76121
Dartmouth-Cole Harbour,seat12005,25883,1530,16559,1460,4896,0,0,50328,128534
Halifax,seat12006,20070,6038,19187,1045,1003,0,192,47535,109359
Halifax West,seat12007,21670,9796,11853,1128,1049,0,67,45563,115568
Kings-Hants,seat12008,21590,14702,9199,940,2210,0,0,48641,109450
Sackville-Bedford-Preston,seat12009,22283,12368,12341,1013,1739,0,23,49767,106762
South Shore-St. Margaret's,seat12010,14794,18105,7575,1178,0,0,0,41652,119214
Sydney-Glace Bay,seat12011,17257,14159,8264,269,1351,0,96,41396,114260
Avalon,seat10001,18163,11788,5026,0,644,0,0,35621,113252
Cape Spear,seat10002,19368,7179,8248,328,628,0,0,35751,107420
Central Newfoundland,seat10003,14646,14927,2261,0,0,0,0,31834,126666
Labrador,seat10004,4107,2914,2289,846,295,0,0,10451,120378
Long Range Mountains,seat10005,16178,14344,4347,0,1578,0,0,36447,117750
St. John's East,seat10006,16655,6676,12913,0,719,0,0,36963,110164
Terra Nova-The Peninsulas,seat10007,15112,12939,2651,0,1273,0,0,31975,115495
Northwest Territories,seat62001,5387,2031,4558,0,0,0,1791,13767,10000
Nunavut,seat61001,2578,1184,3427,0,0,0,0,7189,10000
Yukon,seat60001,6471,5096,4354,0,0,0,2639,18560,10000